{
  "1": {
    "mean": [
      370.4676438798337,
      650.463520793972,
      181.6093082076175,
      151.10226066798185,
      468.8542125863546,
      0.35806932154768495,
      352.576433979355,
      36.57285788408331,
      1.137214137214137,
      6.813968093289676,
      5.222453222453223
    ],
    "std": [
      558.746116922952,
      975.2124340874257,
      333.8111022605889,
      318.77350685255163,
      958.4839963434649,
      0.48044435082650855,
      783.5367782897664,
      78.75104304912905,
      1.6445865754168478,
      37.51818498544861,
      4.284380931853008
    ]
  },
  "2": {
    "mean": [
      473.1886246956834,
      938.2302908112374,
      284.0629691041749,
      156.58154083331087,
      654.1673217070626,
      0.3730950679840673,
      521.2001060781156,
      76.07705398470893,
      2.5277777777777777,
      2.361125252092349,
      10.394444444444444
    ],
    "std": [
      385.32076015414,
      1047.6390157948304,
      386.42660497914505,
      232.2366097467723,
      1050.8042689099116,
      0.39130045227266297,
      876.0770782202193,
      97.5325946343215,
      2.1093194151341157,
      19.15004094080701,
      3.061403494808332
    ]
  },
  "3": {
    "mean": [
      35.48487930753569,
      44.27249226792484,
      21.820293366790683,
      6.077045551449319,
      22.45219890113417,
      0.23608997139842386,
      19.606918588596855,
      1.5857170389006523,
      1.298719772403983,
      0.5257741361658204,
      9.284495021337127
    ],
    "std": [
      22.65516535147978,
      28.092648196988836,
      26.887032931176826,
      8.260751328586732,
      30.742942451915127,
      0.3015374433089547,
      29.179165859137004,
      2.3205028648264245,
      1.4921648606166569,
      0.8872356182454013,
      2.8765745878571938
    ]
  },
  "4": {
    "mean": [
      82.5478717537735,
      134.84263651114847,
      37.24220567943558,
      22.687768577118657,
      97.6004308317128,
      0.18834633254466507,
      77.72114839084234,
      8.662001204020955,
      1.627979274611399,
      0.24513969436458152,
      8.107772020725388
    ],
    "std": [
      177.9981000101111,
      435.7572349050737,
      36.68826959092008,
      92.674079792609,
      436.4197778745888,
      0.2916802461609163,
      372.8426609802642,
      37.75570676898954,
      2.2067828926565745,
      3.9469639228713933,
      4.040313909448815
    ]
  },
  "5": {
    "mean": [
      873.5907732540617,
      1168.6513293735172,
      497.89737198943874,
      241.09638074784152,
      670.7539573840785,
      0.37689061984740824,
      377.72850381329334,
      38.25033139469414,
      1.7482241515390686,
      32.772009816350426,
      5.794001578531965
    ],
    "std": [
      509.817120143399,
      569.0352866553293,
      533.7382433860776,
      231.22521088146257,
      591.2267278102728,
      0.39734103918523556,
      349.0839816975252,
      33.528847235414,
      1.5913845352466147,
      34.414967711670116,
      3.54531321421616
    ]
  }
}