{
    "SMALL_MOTOR_ELECTRONICS": {
        "mean": [
            85.007745,
            89.16440000000003,
            80.71840000000002,
            2.7830945009236028,
            8.446,
            0.032740118211567554,
            2.1215999999999973,
            0.8114842105263155,
            0.0,
            0.0003967669172912358,
            7.08
        ],
        "std": [
            0.6871128434484892,
            0.509492718058227,
            0.4912181432549741,
            0.2834593718969781,
            0.6077977919142495,
            0.0033500785867978935,
            0.31644552265824977,
            0.08408846157507316,
            1e-05,
            0.357227335763757,
            2.3650892798551166
        ]
    },
    "LIGHTING_LOADS": {
        "mean": [
            35.00027,
            35.03940000000005,
            34.964799999999975,
            0.019370920978798247,
            0.07459999999999965,
            0.0005534497998304585,
            0.057300000000001745,
            0.02338421052631639,
            0.0,
            2.9924812029319556e-05,
            14.69
        ],
        "std": [
            0.005568965731139413,
            0.010384969879472844,
            0.008551662601623355,
            0.002710448191165752,
            0.013678942899871227,
            8.715150389479414e-05,
            0.01076685827739558,
            0.004563319084079166,
            1e-05,
            0.000756704732466325,
            1.494633698460587
        ]
    },
    "THERMAL_APPLIANCES": {
        "mean": [
            1199.9517050000002,
            1203.5419999999995,
            1196.3908000000004,
            1.8524493098055776,
            7.151200000000026,
            0.0015437968369879645,
            5.7244000000000055,
            2.195742105263159,
            0.0,
            -0.0005880451128106715,
            12.09
        ],
        "std": [
            0.4799422821763518,
            0.8637564905862297,
            1.0373659466258323,
            0.3666314697761868,
            1.5892213012434877,
            0.00031566000884324585,
            1.6791581888147726,
            0.5181868973287131,
            1e-05,
            0.07009387640395566,
            1.9803887516533303
        ]
    },
    "HVAC_REFRIGERATION": {
        "mean": [
            160.01810499999996,
            162.56749999999988,
            157.40209999999993,
            1.3380883944509347,
            5.165399999999998,
            0.008362413314482139,
            4.123999999999996,
            1.5606999999999993,
            0.0,
            0.0013531578947333874,
            12.08
        ],
        "std": [
            0.28132385759503276,
            0.7965793629559182,
            0.6415835265735321,
            0.20158807702158377,
            0.9559309381533584,
            0.0012713945143335403,
            0.9576612935301639,
            0.2598058185589595,
            1e-05,
            0.054944078332507605,
            1.635124674877576
        ]
    },
    "LAUNDRY_APPLIANCES": {
        "mean": [
            525.7993849999999,
            608.7698,
            443.9755999999996,
            42.27082156890987,
            164.7942,
            0.08041912351441384,
            131.90919999999994,
            49.33736842105262,
            3.64,
            -0.09933375939850737,
            12.06
        ],
        "std": [
            9.13462222325693,
            27.602901876758132,
            24.832539767222677,
            7.907915436453055,
            43.92766368603245,
            0.015158961415963984,
            32.913443235686614,
            11.94117933378686,
            2.368638295026469,
            1.5544456676530043,
            2.0727859164945936
        ]
    }
}